conditionId,question,market_start,market_end,result_yes_won,timestamp,yes_price,btc_price,btc_volume
0xea542d6cc50e2671208f0c6d35f4b5c94e6bfe5b81e2eb07d72d9fa644f7a6f0,"Bitcoin above 71,600 on April 9, 4PM ET?",2026-04-09 18:42:49.997431+00:00,2026-04-09 20:00:00+00:00,1,2026-04-09 19:00:42+00:00,0.525,71900.0,0.60208714
0x94ecc65ad8fb07130d351f4f309a6c2b165b73888ac02ac4efa6a261f44ceca1,"Bitcoin above 74,000 on April 9, 4PM ET?",2026-04-09 18:42:33.958255+00:00,2026-04-09 20:00:00+00:00,0,2026-04-09 19:00:44+00:00,0.445,71900.0,0.60208714
0xa32801ff08d6562520a5ae4f2f9824f79d4d7ca1e662504365f763763acb983e,"Bitcoin above 72,400 on April 9, 4PM ET?",2026-04-09 18:43:00.019015+00:00,2026-04-09 20:00:00+00:00,0,2026-04-09 19:00:53+00:00,0.455,71900.0,0.60208714
0xd630fa02e5b583747211f93fd0c0fb8cf82e8630e11a39314fcebf30295a844a,"Bitcoin above 72,800 on April 9, 4PM ET?",2026-04-09 18:42:53.865658+00:00,2026-04-09 20:00:00+00:00,0,2026-04-09 19:00:54+00:00,0.45,71900.0,0.60208714
0xef4d736c2ba8fb5d7d61fae027494898d0d96bef420b411091e594d67f509a73,"Bitcoin above 73,200 on April 9, 4PM ET?",2026-04-09 18:43:08.810022+00:00,2026-04-09 20:00:00+00:00,0,2026-04-09 19:00:55+00:00,0.45,71900.0,0.60208714
0xc075944836d8041aad442fa94d07c2065961475b3d0f2dd5f6373da7723d4e94,"Bitcoin above 70,800 on April 9, 4PM ET?",2026-04-09 18:42:49.744720+00:00,2026-04-09 20:00:00+00:00,1,2026-04-09 19:00:59+00:00,0.55,71900.0,0.60208714
0x94ecc65ad8fb07130d351f4f309a6c2b165b73888ac02ac4efa6a261f44ceca1,"Bitcoin above 74,000 on April 9, 4PM ET?",2026-04-09 18:42:33.958255+00:00,2026-04-09 20:00:00+00:00,0,2026-04-09 19:10:40+00:00,0.44,72088.9,0.0
0xea542d6cc50e2671208f0c6d35f4b5c94e6bfe5b81e2eb07d72d9fa644f7a6f0,"Bitcoin above 71,600 on April 9, 4PM ET?",2026-04-09 18:42:49.997431+00:00,2026-04-09 20:00:00+00:00,1,2026-04-09 19:10:40+00:00,0.54,72088.9,0.0
0xa32801ff08d6562520a5ae4f2f9824f79d4d7ca1e662504365f763763acb983e,"Bitcoin above 72,400 on April 9, 4PM ET?",2026-04-09 18:43:00.019015+00:00,2026-04-09 20:00:00+00:00,0,2026-04-09 19:10:42+00:00,0.455,72088.9,0.0
0xd630fa02e5b583747211f93fd0c0fb8cf82e8630e11a39314fcebf30295a844a,"Bitcoin above 72,800 on April 9, 4PM ET?",2026-04-09 18:42:53.865658+00:00,2026-04-09 20:00:00+00:00,0,2026-04-09 19:10:43+00:00,0.45,72088.9,0.0
0xef4d736c2ba8fb5d7d61fae027494898d0d96bef420b411091e594d67f509a73,"Bitcoin above 73,200 on April 9, 4PM ET?",2026-04-09 18:43:08.810022+00:00,2026-04-09 20:00:00+00:00,0,2026-04-09 19:10:43+00:00,0.445,72088.9,0.0
0xc075944836d8041aad442fa94d07c2065961475b3d0f2dd5f6373da7723d4e94,"Bitcoin above 70,800 on April 9, 4PM ET?",2026-04-09 18:42:49.744720+00:00,2026-04-09 20:00:00+00:00,1,2026-04-09 19:10:44+00:00,0.56,72088.9,0.0
0xee49f9a3888a3508fd593a737032e9f1816e45a9a9916eb0a8005ec0d7a57ded,"Bitcoin above 71,200 on April 9, 4PM ET?",2026-04-09 18:42:38.114256+00:00,2026-04-09 20:00:00+00:00,1,2026-04-09 19:10:48+00:00,0.545,72088.9,0.0
0x97930f801e4a436afbb0441554ff725494a3a4249a96bc42cc1eab27e2239c29,"Bitcoin above 73,600 on April 9, 4PM ET?",2026-04-09 18:42:46.240174+00:00,2026-04-09 20:00:00+00:00,0,2026-04-09 19:10:52+00:00,0.44,72088.9,0.0
0xc6f6fea2b6477882075245a8bc4344c650ae470a2d4630799d0849ef08e3dd73,"Bitcoin above 70,400 on April 9, 4PM ET?",2026-04-09 18:43:16.078856+00:00,2026-04-09 20:00:00+00:00,1,2026-04-09 19:10:58+00:00,0.56,72088.9,0.0
0xea542d6cc50e2671208f0c6d35f4b5c94e6bfe5b81e2eb07d72d9fa644f7a6f0,"Bitcoin above 71,600 on April 9, 4PM ET?",2026-04-09 18:42:49.997431+00:00,2026-04-09 20:00:00+00:00,1,2026-04-09 19:20:38+00:00,0.54,71920.9,0.00021701
0x94ecc65ad8fb07130d351f4f309a6c2b165b73888ac02ac4efa6a261f44ceca1,"Bitcoin above 74,000 on April 9, 4PM ET?",2026-04-09 18:42:33.958255+00:00,2026-04-09 20:00:00+00:00,0,2026-04-09 19:20:38+00:00,0.435,71920.9,0.00021701
0xa32801ff08d6562520a5ae4f2f9824f79d4d7ca1e662504365f763763acb983e,"Bitcoin above 72,400 on April 9, 4PM ET?",2026-04-09 18:43:00.019015+00:00,2026-04-09 20:00:00+00:00,0,2026-04-09 19:20:41+00:00,0.46,71920.9,0.00021701
0xd630fa02e5b583747211f93fd0c0fb8cf82e8630e11a39314fcebf30295a844a,"Bitcoin above 72,800 on April 9, 4PM ET?",2026-04-09 18:42:53.865658+00:00,2026-04-09 20:00:00+00:00,0,2026-04-09 19:20:41+00:00,0.45,71920.9,0.00021701
0xef4d736c2ba8fb5d7d61fae027494898d0d96bef420b411091e594d67f509a73,"Bitcoin above 73,200 on April 9, 4PM ET?",2026-04-09 18:43:08.810022+00:00,2026-04-09 20:00:00+00:00,0,2026-04-09 19:20:41+00:00,0.445,71920.9,0.00021701
0xc075944836d8041aad442fa94d07c2065961475b3d0f2dd5f6373da7723d4e94,"Bitcoin above 70,800 on April 9, 4PM ET?",2026-04-09 18:42:49.744720+00:00,2026-04-09 20:00:00+00:00,1,2026-04-09 19:20:42+00:00,0.56,71920.9,0.00021701
0xee49f9a3888a3508fd593a737032e9f1816e45a9a9916eb0a8005ec0d7a57ded,"Bitcoin above 71,200 on April 9, 4PM ET?",2026-04-09 18:42:38.114256+00:00,2026-04-09 20:00:00+00:00,1,2026-04-09 19:20:56+00:00,0.54,71920.9,0.00021701
0x97930f801e4a436afbb0441554ff725494a3a4249a96bc42cc1eab27e2239c29,"Bitcoin above 73,600 on April 9, 4PM ET?",2026-04-09 18:42:46.240174+00:00,2026-04-09 20:00:00+00:00,0,2026-04-09 19:20:59+00:00,0.44,71920.9,0.00021701
0xea542d6cc50e2671208f0c6d35f4b5c94e6bfe5b81e2eb07d72d9fa644f7a6f0,"Bitcoin above 71,600 on April 9, 4PM ET?",2026-04-09 18:42:49.997431+00:00,2026-04-09 20:00:00+00:00,1,2026-04-09 19:30:10+00:00,0.525,71941.1,2.02234864
0x94ecc65ad8fb07130d351f4f309a6c2b165b73888ac02ac4efa6a261f44ceca1,"Bitcoin above 74,000 on April 9, 4PM ET?",2026-04-09 18:42:33.958255+00:00,2026-04-09 20:00:00+00:00,0,2026-04-09 19:30:13+00:00,0.44,71941.1,2.02234864
0xa32801ff08d6562520a5ae4f2f9824f79d4d7ca1e662504365f763763acb983e,"Bitcoin above 72,400 on April 9, 4PM ET?",2026-04-09 18:43:00.019015+00:00,2026-04-09 20:00:00+00:00,0,2026-04-09 19:30:26+00:00,0.475,71941.1,2.02234864
0xd630fa02e5b583747211f93fd0c0fb8cf82e8630e11a39314fcebf30295a844a,"Bitcoin above 72,800 on April 9, 4PM ET?",2026-04-09 18:42:53.865658+00:00,2026-04-09 20:00:00+00:00,0,2026-04-09 19:30:27+00:00,0.45,71941.1,2.02234864
0xef4d736c2ba8fb5d7d61fae027494898d0d96bef420b411091e594d67f509a73,"Bitcoin above 73,200 on April 9, 4PM ET?",2026-04-09 18:43:08.810022+00:00,2026-04-09 20:00:00+00:00,0,2026-04-09 19:30:28+00:00,0.445,71941.1,2.02234864
0xc075944836d8041aad442fa94d07c2065961475b3d0f2dd5f6373da7723d4e94,"Bitcoin above 70,800 on April 9, 4PM ET?",2026-04-09 18:42:49.744720+00:00,2026-04-09 20:00:00+00:00,1,2026-04-09 19:30:34+00:00,0.56,71911.0,2.08391453
0xee49f9a3888a3508fd593a737032e9f1816e45a9a9916eb0a8005ec0d7a57ded,"Bitcoin above 71,200 on April 9, 4PM ET?",2026-04-09 18:42:38.114256+00:00,2026-04-09 20:00:00+00:00,1,2026-04-09 19:30:50+00:00,0.525,71911.0,2.08391453
0x97930f801e4a436afbb0441554ff725494a3a4249a96bc42cc1eab27e2239c29,"Bitcoin above 73,600 on April 9, 4PM ET?",2026-04-09 18:42:46.240174+00:00,2026-04-09 20:00:00+00:00,0,2026-04-09 19:30:55+00:00,0.44,71911.0,2.08391453
0xea542d6cc50e2671208f0c6d35f4b5c94e6bfe5b81e2eb07d72d9fa644f7a6f0,"Bitcoin above 71,600 on April 9, 4PM ET?",2026-04-09 18:42:49.997431+00:00,2026-04-09 20:00:00+00:00,1,2026-04-09 19:40:39+00:00,0.51,71986.4,0.06838938
0x94ecc65ad8fb07130d351f4f309a6c2b165b73888ac02ac4efa6a261f44ceca1,"Bitcoin above 74,000 on April 9, 4PM ET?",2026-04-09 18:42:33.958255+00:00,2026-04-09 20:00:00+00:00,0,2026-04-09 19:40:40+00:00,0.005,71986.4,0.06838938
0xd630fa02e5b583747211f93fd0c0fb8cf82e8630e11a39314fcebf30295a844a,"Bitcoin above 72,800 on April 9, 4PM ET?",2026-04-09 18:42:53.865658+00:00,2026-04-09 20:00:00+00:00,0,2026-04-09 19:40:42+00:00,0.445,71986.4,0.06838938
0xa32801ff08d6562520a5ae4f2f9824f79d4d7ca1e662504365f763763acb983e,"Bitcoin above 72,400 on April 9, 4PM ET?",2026-04-09 18:43:00.019015+00:00,2026-04-09 20:00:00+00:00,0,2026-04-09 19:40:42+00:00,0.49,71986.4,0.06838938
0xef4d736c2ba8fb5d7d61fae027494898d0d96bef420b411091e594d67f509a73,"Bitcoin above 73,200 on April 9, 4PM ET?",2026-04-09 18:43:08.810022+00:00,2026-04-09 20:00:00+00:00,0,2026-04-09 19:40:43+00:00,0.445,71986.4,0.06838938
0xc075944836d8041aad442fa94d07c2065961475b3d0f2dd5f6373da7723d4e94,"Bitcoin above 70,800 on April 9, 4PM ET?",2026-04-09 18:42:49.744720+00:00,2026-04-09 20:00:00+00:00,1,2026-04-09 19:40:44+00:00,0.56,71986.4,0.06838938
0xee49f9a3888a3508fd593a737032e9f1816e45a9a9916eb0a8005ec0d7a57ded,"Bitcoin above 71,200 on April 9, 4PM ET?",2026-04-09 18:42:38.114256+00:00,2026-04-09 20:00:00+00:00,1,2026-04-09 19:40:48+00:00,0.51,71986.4,0.06838938
0x97930f801e4a436afbb0441554ff725494a3a4249a96bc42cc1eab27e2239c29,"Bitcoin above 73,600 on April 9, 4PM ET?",2026-04-09 18:42:46.240174+00:00,2026-04-09 20:00:00+00:00,0,2026-04-09 19:40:49+00:00,0.005,71986.4,0.06838938
0xc6f6fea2b6477882075245a8bc4344c650ae470a2d4630799d0849ef08e3dd73,"Bitcoin above 70,400 on April 9, 4PM ET?",2026-04-09 18:43:16.078856+00:00,2026-04-09 20:00:00+00:00,1,2026-04-09 19:40:50+00:00,0.565,71986.4,0.06838938
0x3685c08e9d937a6805f068d69d4c9237bb0effb8f848a26fa42fdc0c644a4f4d,"Bitcoin above 70,000 on April 9, 4PM ET?",2026-04-09 18:42:35.946355+00:00,2026-04-09 20:00:00+00:00,1,2026-04-09 19:40:55+00:00,0.9945,71986.4,0.06838938
0xea542d6cc50e2671208f0c6d35f4b5c94e6bfe5b81e2eb07d72d9fa644f7a6f0,"Bitcoin above 71,600 on April 9, 4PM ET?",2026-04-09 18:42:49.997431+00:00,2026-04-09 20:00:00+00:00,1,2026-04-09 19:50:43+00:00,0.505,72262.3,0.0001
0x94ecc65ad8fb07130d351f4f309a6c2b165b73888ac02ac4efa6a261f44ceca1,"Bitcoin above 74,000 on April 9, 4PM ET?",2026-04-09 18:42:33.958255+00:00,2026-04-09 20:00:00+00:00,0,2026-04-09 19:50:45+00:00,0.005,72262.3,0.0001
0xa32801ff08d6562520a5ae4f2f9824f79d4d7ca1e662504365f763763acb983e,"Bitcoin above 72,400 on April 9, 4PM ET?",2026-04-09 18:43:00.019015+00:00,2026-04-09 20:00:00+00:00,0,2026-04-09 19:50:54+00:00,0.5,72262.3,0.0001
0xd630fa02e5b583747211f93fd0c0fb8cf82e8630e11a39314fcebf30295a844a,"Bitcoin above 72,800 on April 9, 4PM ET?",2026-04-09 18:42:53.865658+00:00,2026-04-09 20:00:00+00:00,0,2026-04-09 19:50:55+00:00,0.445,72262.3,0.0001
0xef4d736c2ba8fb5d7d61fae027494898d0d96bef420b411091e594d67f509a73,"Bitcoin above 73,200 on April 9, 4PM ET?",2026-04-09 18:43:08.810022+00:00,2026-04-09 20:00:00+00:00,0,2026-04-09 19:50:55+00:00,0.77,72262.3,0.0001
0x59ea09bcd923c3f9b7d076f6c0f57755ffdc4763ff346441d5e33f0770e96f26,"Bitcoin above 74,000 on April 9, 5PM ET?",2026-04-09 19:42:43.337386+00:00,2026-04-09 21:00:00+00:00,0,2026-04-09 19:50:57+00:00,0.005,72262.3,0.0001
0xea542d6cc50e2671208f0c6d35f4b5c94e6bfe5b81e2eb07d72d9fa644f7a6f0,"Bitcoin above 71,600 on April 9, 4PM ET?",2026-04-09 18:42:49.997431+00:00,2026-04-09 20:00:00+00:00,1,2026-04-09 20:00:42+00:00,0.995,72129.8,0.0
0x94ecc65ad8fb07130d351f4f309a6c2b165b73888ac02ac4efa6a261f44ceca1,"Bitcoin above 74,000 on April 9, 4PM ET?",2026-04-09 18:42:33.958255+00:00,2026-04-09 20:00:00+00:00,0,2026-04-09 20:00:44+00:00,0.0005,72129.8,0.0
0xd630fa02e5b583747211f93fd0c0fb8cf82e8630e11a39314fcebf30295a844a,"Bitcoin above 72,800 on April 9, 4PM ET?",2026-04-09 18:42:53.865658+00:00,2026-04-09 20:00:00+00:00,0,2026-04-09 20:00:50+00:00,0.005,72129.8,0.0
0xa32801ff08d6562520a5ae4f2f9824f79d4d7ca1e662504365f763763acb983e,"Bitcoin above 72,400 on April 9, 4PM ET?",2026-04-09 18:43:00.019015+00:00,2026-04-09 20:00:00+00:00,0,2026-04-09 20:00:50+00:00,0.005,72129.8,0.0
0xef4d736c2ba8fb5d7d61fae027494898d0d96bef420b411091e594d67f509a73,"Bitcoin above 73,200 on April 9, 4PM ET?",2026-04-09 18:43:08.810022+00:00,2026-04-09 20:00:00+00:00,0,2026-04-09 20:00:51+00:00,0.005,72129.8,0.0
0x59ea09bcd923c3f9b7d076f6c0f57755ffdc4763ff346441d5e33f0770e96f26,"Bitcoin above 74,000 on April 9, 5PM ET?",2026-04-09 19:42:43.337386+00:00,2026-04-09 21:00:00+00:00,0,2026-04-09 20:00:52+00:00,0.4955,72129.8,0.0
0x3c29d614cf2d3520b74943200379635f9134768f5c2914ec647e4f9522b9630e,"Bitcoin above 73,600 on April 9, 5PM ET?",2026-04-09 19:42:45.920628+00:00,2026-04-09 21:00:00+00:00,0,2026-04-09 20:00:53+00:00,0.4955,72129.8,0.0
0xc075944836d8041aad442fa94d07c2065961475b3d0f2dd5f6373da7723d4e94,"Bitcoin above 70,800 on April 9, 4PM ET?",2026-04-09 18:42:49.744720+00:00,2026-04-09 20:00:00+00:00,1,2026-04-09 20:00:53+00:00,0.995,72129.8,0.0
0xd33d733dd5b4498f63ed2bd7966ecdd6c657222d105cc20e2e5473c6d41c4514,"Bitcoin above 71,200 on April 9, 5PM ET?",2026-04-09 19:42:37.560669+00:00,2026-04-09 21:00:00+00:00,1,2026-04-09 20:00:54+00:00,0.5,72129.8,0.0
0x22cf22f81b420a1f2316e96afcec9e09b92bc4178e77d28747fe80dfa701d7a1,"Bitcoin above 71,600 on April 9, 5PM ET?",2026-04-09 19:42:43.590293+00:00,2026-04-09 21:00:00+00:00,1,2026-04-09 20:00:56+00:00,0.5,72129.8,0.0
0xee49f9a3888a3508fd593a737032e9f1816e45a9a9916eb0a8005ec0d7a57ded,"Bitcoin above 71,200 on April 9, 4PM ET?",2026-04-09 18:42:38.114256+00:00,2026-04-09 20:00:00+00:00,1,2026-04-09 20:00:59+00:00,0.995,72129.8,0.0
0xea542d6cc50e2671208f0c6d35f4b5c94e6bfe5b81e2eb07d72d9fa644f7a6f0,"Bitcoin above 71,600 on April 9, 4PM ET?",2026-04-09 18:42:49.997431+00:00,2026-04-09 20:00:00+00:00,1,2026-04-09 20:10:39+00:00,0.9995,72121.3,0.0139256
0x94ecc65ad8fb07130d351f4f309a6c2b165b73888ac02ac4efa6a261f44ceca1,"Bitcoin above 74,000 on April 9, 4PM ET?",2026-04-09 18:42:33.958255+00:00,2026-04-09 20:00:00+00:00,0,2026-04-09 20:10:40+00:00,0.0005,72121.3,0.0139256
0xd630fa02e5b583747211f93fd0c0fb8cf82e8630e11a39314fcebf30295a844a,"Bitcoin above 72,800 on April 9, 4PM ET?",2026-04-09 18:42:53.865658+00:00,2026-04-09 20:00:00+00:00,0,2026-04-09 20:10:42+00:00,0.0005,72121.3,0.0139256
0xa32801ff08d6562520a5ae4f2f9824f79d4d7ca1e662504365f763763acb983e,"Bitcoin above 72,400 on April 9, 4PM ET?",2026-04-09 18:43:00.019015+00:00,2026-04-09 20:00:00+00:00,0,2026-04-09 20:10:42+00:00,0.0005,72121.3,0.0139256
0xef4d736c2ba8fb5d7d61fae027494898d0d96bef420b411091e594d67f509a73,"Bitcoin above 73,200 on April 9, 4PM ET?",2026-04-09 18:43:08.810022+00:00,2026-04-09 20:00:00+00:00,0,2026-04-09 20:10:42+00:00,0.0005,72121.3,0.0139256
0x59ea09bcd923c3f9b7d076f6c0f57755ffdc4763ff346441d5e33f0770e96f26,"Bitcoin above 74,000 on April 9, 5PM ET?",2026-04-09 19:42:43.337386+00:00,2026-04-09 21:00:00+00:00,0,2026-04-09 20:10:43+00:00,0.005,72121.3,0.0139256
0x3c29d614cf2d3520b74943200379635f9134768f5c2914ec647e4f9522b9630e,"Bitcoin above 73,600 on April 9, 5PM ET?",2026-04-09 19:42:45.920628+00:00,2026-04-09 21:00:00+00:00,0,2026-04-09 20:10:44+00:00,0.0055,72121.3,0.0139256
0xc075944836d8041aad442fa94d07c2065961475b3d0f2dd5f6373da7723d4e94,"Bitcoin above 70,800 on April 9, 4PM ET?",2026-04-09 18:42:49.744720+00:00,2026-04-09 20:00:00+00:00,1,2026-04-09 20:10:44+00:00,0.9995,72121.3,0.0139256
0xd33d733dd5b4498f63ed2bd7966ecdd6c657222d105cc20e2e5473c6d41c4514,"Bitcoin above 71,200 on April 9, 5PM ET?",2026-04-09 19:42:37.560669+00:00,2026-04-09 21:00:00+00:00,1,2026-04-09 20:10:45+00:00,0.9685,72121.3,0.0139256
0x22cf22f81b420a1f2316e96afcec9e09b92bc4178e77d28747fe80dfa701d7a1,"Bitcoin above 71,600 on April 9, 5PM ET?",2026-04-09 19:42:43.590293+00:00,2026-04-09 21:00:00+00:00,1,2026-04-09 20:10:46+00:00,0.945,72121.3,0.0139256
0xee49f9a3888a3508fd593a737032e9f1816e45a9a9916eb0a8005ec0d7a57ded,"Bitcoin above 71,200 on April 9, 4PM ET?",2026-04-09 18:42:38.114256+00:00,2026-04-09 20:00:00+00:00,1,2026-04-09 20:10:50+00:00,0.9995,72121.3,0.0139256
0x038e7b7b418e4b93060330d6f83070c4c71148fc0919520ec1ad2d07271b25d9,"Bitcoin above 72,400 on April 9, 5PM ET?",2026-04-09 19:42:51.588069+00:00,2026-04-09 21:00:00+00:00,1,2026-04-09 20:10:51+00:00,0.09,72121.3,0.0139256
0x97930f801e4a436afbb0441554ff725494a3a4249a96bc42cc1eab27e2239c29,"Bitcoin above 73,600 on April 9, 4PM ET?",2026-04-09 18:42:46.240174+00:00,2026-04-09 20:00:00+00:00,0,2026-04-09 20:10:51+00:00,0.0005,72121.3,0.0139256
0xacd410775ec2091dc363d53b7fdc3918111130f554b33c8185c0ce57492811cc,"Bitcoin above 70,800 on April 9, 5PM ET?",2026-04-09 19:42:35.492487+00:00,2026-04-09 21:00:00+00:00,1,2026-04-09 20:10:52+00:00,0.976,72121.3,0.0139256
0xc6f6fea2b6477882075245a8bc4344c650ae470a2d4630799d0849ef08e3dd73,"Bitcoin above 70,400 on April 9, 4PM ET?",2026-04-09 18:43:16.078856+00:00,2026-04-09 20:00:00+00:00,1,2026-04-09 20:10:53+00:00,0.9995,72121.3,0.0139256
0x63c0a64a2fe8a834eb7d7adcdb214e17ea96caeac7d314b950bf3dfacb7bf4d6,"Bitcoin above 73,200 on April 9, 5PM ET?",2026-04-09 19:42:47.418178+00:00,2026-04-09 21:00:00+00:00,0,2026-04-09 20:10:53+00:00,0.029,72121.3,0.0139256
0x6c9d220ac07f516cfe77bfd50b5e94c1ffe56aa9232904269f81d8688c03ecf9,"Bitcoin above 70,000 on April 9, 5PM ET?",2026-04-09 19:42:33.227897+00:00,2026-04-09 21:00:00+00:00,1,2026-04-09 20:10:53+00:00,0.995,72121.3,0.0139256
0x465fd395802b348873b6d638d300e74e8500ba3ecc952b040ad57391036ce93a,"Bitcoin above 70,400 on April 9, 5PM ET?",2026-04-09 19:42:35.237372+00:00,2026-04-09 21:00:00+00:00,1,2026-04-09 20:10:55+00:00,0.9945,72121.3,0.0139256
0x3685c08e9d937a6805f068d69d4c9237bb0effb8f848a26fa42fdc0c644a4f4d,"Bitcoin above 70,000 on April 9, 4PM ET?",2026-04-09 18:42:35.946355+00:00,2026-04-09 20:00:00+00:00,1,2026-04-09 20:10:56+00:00,0.9995,72121.3,0.0139256
0x4e4a427f006dec5f669ad0e04d99cdae9ccf635d5a70eb1708320557eea05700,"Bitcoin above 72,800 on April 9, 5PM ET?",2026-04-09 19:42:49.645353+00:00,2026-04-09 21:00:00+00:00,0,2026-04-09 20:10:58+00:00,0.033,72121.3,0.0139256
0x94ecc65ad8fb07130d351f4f309a6c2b165b73888ac02ac4efa6a261f44ceca1,"Bitcoin above 74,000 on April 9, 4PM ET?",2026-04-09 18:42:33.958255+00:00,2026-04-09 20:00:00+00:00,0,2026-04-09 20:20:39+00:00,0.0005,72307.8,0.03702362
0xea542d6cc50e2671208f0c6d35f4b5c94e6bfe5b81e2eb07d72d9fa644f7a6f0,"Bitcoin above 71,600 on April 9, 4PM ET?",2026-04-09 18:42:49.997431+00:00,2026-04-09 20:00:00+00:00,1,2026-04-09 20:20:39+00:00,0.9995,72307.8,0.03702362
0xa32801ff08d6562520a5ae4f2f9824f79d4d7ca1e662504365f763763acb983e,"Bitcoin above 72,400 on April 9, 4PM ET?",2026-04-09 18:43:00.019015+00:00,2026-04-09 20:00:00+00:00,0,2026-04-09 20:20:41+00:00,0.0005,72307.8,0.03702362
0xd630fa02e5b583747211f93fd0c0fb8cf82e8630e11a39314fcebf30295a844a,"Bitcoin above 72,800 on April 9, 4PM ET?",2026-04-09 18:42:53.865658+00:00,2026-04-09 20:00:00+00:00,0,2026-04-09 20:20:42+00:00,0.0005,72307.8,0.03702362
0xef4d736c2ba8fb5d7d61fae027494898d0d96bef420b411091e594d67f509a73,"Bitcoin above 73,200 on April 9, 4PM ET?",2026-04-09 18:43:08.810022+00:00,2026-04-09 20:00:00+00:00,0,2026-04-09 20:20:42+00:00,0.0005,72307.8,0.03702362
0x59ea09bcd923c3f9b7d076f6c0f57755ffdc4763ff346441d5e33f0770e96f26,"Bitcoin above 74,000 on April 9, 5PM ET?",2026-04-09 19:42:43.337386+00:00,2026-04-09 21:00:00+00:00,0,2026-04-09 20:20:43+00:00,0.005,72307.8,0.03702362
0x3c29d614cf2d3520b74943200379635f9134768f5c2914ec647e4f9522b9630e,"Bitcoin above 73,600 on April 9, 5PM ET?",2026-04-09 19:42:45.920628+00:00,2026-04-09 21:00:00+00:00,0,2026-04-09 20:20:43+00:00,0.005,72307.8,0.03702362
0xc075944836d8041aad442fa94d07c2065961475b3d0f2dd5f6373da7723d4e94,"Bitcoin above 70,800 on April 9, 4PM ET?",2026-04-09 18:42:49.744720+00:00,2026-04-09 20:00:00+00:00,1,2026-04-09 20:20:43+00:00,0.9995,72307.8,0.03702362
0xd33d733dd5b4498f63ed2bd7966ecdd6c657222d105cc20e2e5473c6d41c4514,"Bitcoin above 71,200 on April 9, 5PM ET?",2026-04-09 19:42:37.560669+00:00,2026-04-09 21:00:00+00:00,1,2026-04-09 20:20:44+00:00,0.976,72307.8,0.03702362
0x22cf22f81b420a1f2316e96afcec9e09b92bc4178e77d28747fe80dfa701d7a1,"Bitcoin above 71,600 on April 9, 5PM ET?",2026-04-09 19:42:43.590293+00:00,2026-04-09 21:00:00+00:00,1,2026-04-09 20:20:45+00:00,0.965,72307.8,0.03702362
0xee49f9a3888a3508fd593a737032e9f1816e45a9a9916eb0a8005ec0d7a57ded,"Bitcoin above 71,200 on April 9, 4PM ET?",2026-04-09 18:42:38.114256+00:00,2026-04-09 20:00:00+00:00,1,2026-04-09 20:20:47+00:00,0.9995,72307.8,0.03702362
0x97930f801e4a436afbb0441554ff725494a3a4249a96bc42cc1eab27e2239c29,"Bitcoin above 73,600 on April 9, 4PM ET?",2026-04-09 18:42:46.240174+00:00,2026-04-09 20:00:00+00:00,0,2026-04-09 20:20:48+00:00,0.0005,72307.8,0.03702362
0x038e7b7b418e4b93060330d6f83070c4c71148fc0919520ec1ad2d07271b25d9,"Bitcoin above 72,400 on April 9, 5PM ET?",2026-04-09 19:42:51.588069+00:00,2026-04-09 21:00:00+00:00,1,2026-04-09 20:20:48+00:00,0.23,72307.8,0.03702362
0xacd410775ec2091dc363d53b7fdc3918111130f554b33c8185c0ce57492811cc,"Bitcoin above 70,800 on April 9, 5PM ET?",2026-04-09 19:42:35.492487+00:00,2026-04-09 21:00:00+00:00,1,2026-04-09 20:20:48+00:00,0.9765,72307.8,0.03702362
0x63c0a64a2fe8a834eb7d7adcdb214e17ea96caeac7d314b950bf3dfacb7bf4d6,"Bitcoin above 73,200 on April 9, 5PM ET?",2026-04-09 19:42:47.418178+00:00,2026-04-09 21:00:00+00:00,0,2026-04-09 20:20:49+00:00,0.0245,72307.8,0.03702362
0xc6f6fea2b6477882075245a8bc4344c650ae470a2d4630799d0849ef08e3dd73,"Bitcoin above 70,400 on April 9, 4PM ET?",2026-04-09 18:43:16.078856+00:00,2026-04-09 20:00:00+00:00,1,2026-04-09 20:20:49+00:00,0.9995,72307.8,0.03702362
0x6c9d220ac07f516cfe77bfd50b5e94c1ffe56aa9232904269f81d8688c03ecf9,"Bitcoin above 70,000 on April 9, 5PM ET?",2026-04-09 19:42:33.227897+00:00,2026-04-09 21:00:00+00:00,1,2026-04-09 20:20:49+00:00,0.9955,72307.8,0.03702362
0x465fd395802b348873b6d638d300e74e8500ba3ecc952b040ad57391036ce93a,"Bitcoin above 70,400 on April 9, 5PM ET?",2026-04-09 19:42:35.237372+00:00,2026-04-09 21:00:00+00:00,1,2026-04-09 20:20:51+00:00,0.995,72307.8,0.03702362
0x3685c08e9d937a6805f068d69d4c9237bb0effb8f848a26fa42fdc0c644a4f4d,"Bitcoin above 70,000 on April 9, 4PM ET?",2026-04-09 18:42:35.946355+00:00,2026-04-09 20:00:00+00:00,1,2026-04-09 20:20:52+00:00,0.9995,72307.8,0.03702362
0x4e4a427f006dec5f669ad0e04d99cdae9ccf635d5a70eb1708320557eea05700,"Bitcoin above 72,800 on April 9, 5PM ET?",2026-04-09 19:42:49.645353+00:00,2026-04-09 21:00:00+00:00,0,2026-04-09 20:20:53+00:00,0.0355,72307.8,0.03702362
0xea542d6cc50e2671208f0c6d35f4b5c94e6bfe5b81e2eb07d72d9fa644f7a6f0,"Bitcoin above 71,600 on April 9, 4PM ET?",2026-04-09 18:42:49.997431+00:00,2026-04-09 20:00:00+00:00,1,2026-04-09 20:30:44+00:00,0.9995,72295.7,0.03811069
0x94ecc65ad8fb07130d351f4f309a6c2b165b73888ac02ac4efa6a261f44ceca1,"Bitcoin above 74,000 on April 9, 4PM ET?",2026-04-09 18:42:33.958255+00:00,2026-04-09 20:00:00+00:00,0,2026-04-09 20:30:46+00:00,0.0005,72295.7,0.03811069
0xa32801ff08d6562520a5ae4f2f9824f79d4d7ca1e662504365f763763acb983e,"Bitcoin above 72,400 on April 9, 4PM ET?",2026-04-09 18:43:00.019015+00:00,2026-04-09 20:00:00+00:00,0,2026-04-09 20:30:55+00:00,0.0005,72295.7,0.03811069
0xd630fa02e5b583747211f93fd0c0fb8cf82e8630e11a39314fcebf30295a844a,"Bitcoin above 72,800 on April 9, 4PM ET?",2026-04-09 18:42:53.865658+00:00,2026-04-09 20:00:00+00:00,0,2026-04-09 20:30:56+00:00,0.0005,72295.7,0.03811069
0xef4d736c2ba8fb5d7d61fae027494898d0d96bef420b411091e594d67f509a73,"Bitcoin above 73,200 on April 9, 4PM ET?",2026-04-09 18:43:08.810022+00:00,2026-04-09 20:00:00+00:00,0,2026-04-09 20:30:57+00:00,0.0005,72295.7,0.03811069
0x59ea09bcd923c3f9b7d076f6c0f57755ffdc4763ff346441d5e33f0770e96f26,"Bitcoin above 74,000 on April 9, 5PM ET?",2026-04-09 19:42:43.337386+00:00,2026-04-09 21:00:00+00:00,0,2026-04-09 20:30:59+00:00,0.0045,72295.7,0.03811069
0xea542d6cc50e2671208f0c6d35f4b5c94e6bfe5b81e2eb07d72d9fa644f7a6f0,"Bitcoin above 71,600 on April 9, 4PM ET?",2026-04-09 18:42:49.997431+00:00,2026-04-09 20:00:00+00:00,1,2026-04-09 20:40:39+00:00,0.9995,72370.0,0.0
0x94ecc65ad8fb07130d351f4f309a6c2b165b73888ac02ac4efa6a261f44ceca1,"Bitcoin above 74,000 on April 9, 4PM ET?",2026-04-09 18:42:33.958255+00:00,2026-04-09 20:00:00+00:00,0,2026-04-09 20:40:40+00:00,0.0005,72370.0,0.0
0xa32801ff08d6562520a5ae4f2f9824f79d4d7ca1e662504365f763763acb983e,"Bitcoin above 72,400 on April 9, 4PM ET?",2026-04-09 18:43:00.019015+00:00,2026-04-09 20:00:00+00:00,0,2026-04-09 20:40:42+00:00,0.0005,72370.0,0.0
0xef4d736c2ba8fb5d7d61fae027494898d0d96bef420b411091e594d67f509a73,"Bitcoin above 73,200 on April 9, 4PM ET?",2026-04-09 18:43:08.810022+00:00,2026-04-09 20:00:00+00:00,0,2026-04-09 20:40:43+00:00,0.0005,72370.0,0.0
0xd630fa02e5b583747211f93fd0c0fb8cf82e8630e11a39314fcebf30295a844a,"Bitcoin above 72,800 on April 9, 4PM ET?",2026-04-09 18:42:53.865658+00:00,2026-04-09 20:00:00+00:00,0,2026-04-09 20:40:43+00:00,0.0005,72370.0,0.0
0x59ea09bcd923c3f9b7d076f6c0f57755ffdc4763ff346441d5e33f0770e96f26,"Bitcoin above 74,000 on April 9, 5PM ET?",2026-04-09 19:42:43.337386+00:00,2026-04-09 21:00:00+00:00,0,2026-04-09 20:40:44+00:00,0.0045,72370.0,0.0
0xc075944836d8041aad442fa94d07c2065961475b3d0f2dd5f6373da7723d4e94,"Bitcoin above 70,800 on April 9, 4PM ET?",2026-04-09 18:42:49.744720+00:00,2026-04-09 20:00:00+00:00,1,2026-04-09 20:40:44+00:00,0.9995,72370.0,0.0
0x3c29d614cf2d3520b74943200379635f9134768f5c2914ec647e4f9522b9630e,"Bitcoin above 73,600 on April 9, 5PM ET?",2026-04-09 19:42:45.920628+00:00,2026-04-09 21:00:00+00:00,0,2026-04-09 20:40:44+00:00,0.0055,72370.0,0.0
0xd33d733dd5b4498f63ed2bd7966ecdd6c657222d105cc20e2e5473c6d41c4514,"Bitcoin above 71,200 on April 9, 5PM ET?",2026-04-09 19:42:37.560669+00:00,2026-04-09 21:00:00+00:00,1,2026-04-09 20:40:45+00:00,0.9765,72370.0,0.0
0x22cf22f81b420a1f2316e96afcec9e09b92bc4178e77d28747fe80dfa701d7a1,"Bitcoin above 71,600 on April 9, 5PM ET?",2026-04-09 19:42:43.590293+00:00,2026-04-09 21:00:00+00:00,1,2026-04-09 20:40:46+00:00,0.9945,72370.0,0.0
0xee49f9a3888a3508fd593a737032e9f1816e45a9a9916eb0a8005ec0d7a57ded,"Bitcoin above 71,200 on April 9, 4PM ET?",2026-04-09 18:42:38.114256+00:00,2026-04-09 20:00:00+00:00,1,2026-04-09 20:40:48+00:00,0.9995,72370.0,0.0
0x97930f801e4a436afbb0441554ff725494a3a4249a96bc42cc1eab27e2239c29,"Bitcoin above 73,600 on April 9, 4PM ET?",2026-04-09 18:42:46.240174+00:00,2026-04-09 20:00:00+00:00,0,2026-04-09 20:40:49+00:00,0.0005,72370.0,0.0
0x038e7b7b418e4b93060330d6f83070c4c71148fc0919520ec1ad2d07271b25d9,"Bitcoin above 72,400 on April 9, 5PM ET?",2026-04-09 19:42:51.588069+00:00,2026-04-09 21:00:00+00:00,1,2026-04-09 20:40:49+00:00,0.445,72370.0,0.0
0x63c0a64a2fe8a834eb7d7adcdb214e17ea96caeac7d314b950bf3dfacb7bf4d6,"Bitcoin above 73,200 on April 9, 5PM ET?",2026-04-09 19:42:47.418178+00:00,2026-04-09 21:00:00+00:00,0,2026-04-09 20:40:50+00:00,0.0235,72370.0,0.0
0xacd410775ec2091dc363d53b7fdc3918111130f554b33c8185c0ce57492811cc,"Bitcoin above 70,800 on April 9, 5PM ET?",2026-04-09 19:42:35.492487+00:00,2026-04-09 21:00:00+00:00,1,2026-04-09 20:40:50+00:00,0.9845,72370.0,0.0
0x6c9d220ac07f516cfe77bfd50b5e94c1ffe56aa9232904269f81d8688c03ecf9,"Bitcoin above 70,000 on April 9, 5PM ET?",2026-04-09 19:42:33.227897+00:00,2026-04-09 21:00:00+00:00,1,2026-04-09 20:40:50+00:00,0.999,72370.0,0.0
0xc6f6fea2b6477882075245a8bc4344c650ae470a2d4630799d0849ef08e3dd73,"Bitcoin above 70,400 on April 9, 4PM ET?",2026-04-09 18:43:16.078856+00:00,2026-04-09 20:00:00+00:00,1,2026-04-09 20:40:51+00:00,0.9995,72370.0,0.0
0x3685c08e9d937a6805f068d69d4c9237bb0effb8f848a26fa42fdc0c644a4f4d,"Bitcoin above 70,000 on April 9, 4PM ET?",2026-04-09 18:42:35.946355+00:00,2026-04-09 20:00:00+00:00,1,2026-04-09 20:40:53+00:00,0.9995,72370.0,0.0
0x465fd395802b348873b6d638d300e74e8500ba3ecc952b040ad57391036ce93a,"Bitcoin above 70,400 on April 9, 5PM ET?",2026-04-09 19:42:35.237372+00:00,2026-04-09 21:00:00+00:00,1,2026-04-09 20:40:53+00:00,0.9955,72370.0,0.0
0x4e4a427f006dec5f669ad0e04d99cdae9ccf635d5a70eb1708320557eea05700,"Bitcoin above 72,800 on April 9, 5PM ET?",2026-04-09 19:42:49.645353+00:00,2026-04-09 21:00:00+00:00,0,2026-04-09 20:40:55+00:00,0.0315,72370.0,0.0
0xea542d6cc50e2671208f0c6d35f4b5c94e6bfe5b81e2eb07d72d9fa644f7a6f0,"Bitcoin above 71,600 on April 9, 4PM ET?",2026-04-09 18:42:49.997431+00:00,2026-04-09 20:00:00+00:00,1,2026-04-09 20:50:40+00:00,0.9995,72344.4,0.0
0x94ecc65ad8fb07130d351f4f309a6c2b165b73888ac02ac4efa6a261f44ceca1,"Bitcoin above 74,000 on April 9, 4PM ET?",2026-04-09 18:42:33.958255+00:00,2026-04-09 20:00:00+00:00,0,2026-04-09 20:50:41+00:00,0.0005,72344.4,0.0
0xd630fa02e5b583747211f93fd0c0fb8cf82e8630e11a39314fcebf30295a844a,"Bitcoin above 72,800 on April 9, 4PM ET?",2026-04-09 18:42:53.865658+00:00,2026-04-09 20:00:00+00:00,0,2026-04-09 20:50:44+00:00,0.0005,72344.4,0.0
0xa32801ff08d6562520a5ae4f2f9824f79d4d7ca1e662504365f763763acb983e,"Bitcoin above 72,400 on April 9, 4PM ET?",2026-04-09 18:43:00.019015+00:00,2026-04-09 20:00:00+00:00,0,2026-04-09 20:50:44+00:00,0.0005,72344.4,0.0
0xef4d736c2ba8fb5d7d61fae027494898d0d96bef420b411091e594d67f509a73,"Bitcoin above 73,200 on April 9, 4PM ET?",2026-04-09 18:43:08.810022+00:00,2026-04-09 20:00:00+00:00,0,2026-04-09 20:50:44+00:00,0.0005,72344.4,0.0
0x59ea09bcd923c3f9b7d076f6c0f57755ffdc4763ff346441d5e33f0770e96f26,"Bitcoin above 74,000 on April 9, 5PM ET?",2026-04-09 19:42:43.337386+00:00,2026-04-09 21:00:00+00:00,0,2026-04-09 20:50:45+00:00,0.0045,72344.4,0.0
0xc075944836d8041aad442fa94d07c2065961475b3d0f2dd5f6373da7723d4e94,"Bitcoin above 70,800 on April 9, 4PM ET?",2026-04-09 18:42:49.744720+00:00,2026-04-09 20:00:00+00:00,1,2026-04-09 20:50:46+00:00,0.9995,72344.4,0.0
0x3c29d614cf2d3520b74943200379635f9134768f5c2914ec647e4f9522b9630e,"Bitcoin above 73,600 on April 9, 5PM ET?",2026-04-09 19:42:45.920628+00:00,2026-04-09 21:00:00+00:00,0,2026-04-09 20:50:46+00:00,0.0045,72344.4,0.0
0x22cf22f81b420a1f2316e96afcec9e09b92bc4178e77d28747fe80dfa701d7a1,"Bitcoin above 71,600 on April 9, 5PM ET?",2026-04-09 19:42:43.590293+00:00,2026-04-09 21:00:00+00:00,1,2026-04-09 20:50:47+00:00,0.9955,72344.4,0.0
0xd33d733dd5b4498f63ed2bd7966ecdd6c657222d105cc20e2e5473c6d41c4514,"Bitcoin above 71,200 on April 9, 5PM ET?",2026-04-09 19:42:37.560669+00:00,2026-04-09 21:00:00+00:00,1,2026-04-09 20:50:47+00:00,0.5055,72344.4,0.0
0xee49f9a3888a3508fd593a737032e9f1816e45a9a9916eb0a8005ec0d7a57ded,"Bitcoin above 71,200 on April 9, 4PM ET?",2026-04-09 18:42:38.114256+00:00,2026-04-09 20:00:00+00:00,1,2026-04-09 20:50:50+00:00,0.9995,72344.4,0.0
0x038e7b7b418e4b93060330d6f83070c4c71148fc0919520ec1ad2d07271b25d9,"Bitcoin above 72,400 on April 9, 5PM ET?",2026-04-09 19:42:51.588069+00:00,2026-04-09 21:00:00+00:00,1,2026-04-09 20:50:51+00:00,0.225,72344.4,0.0
0xacd410775ec2091dc363d53b7fdc3918111130f554b33c8185c0ce57492811cc,"Bitcoin above 70,800 on April 9, 5PM ET?",2026-04-09 19:42:35.492487+00:00,2026-04-09 21:00:00+00:00,1,2026-04-09 20:50:51+00:00,0.9755,72344.4,0.0
0x97930f801e4a436afbb0441554ff725494a3a4249a96bc42cc1eab27e2239c29,"Bitcoin above 73,600 on April 9, 4PM ET?",2026-04-09 18:42:46.240174+00:00,2026-04-09 20:00:00+00:00,0,2026-04-09 20:50:51+00:00,0.0005,72344.4,0.0
0x63c0a64a2fe8a834eb7d7adcdb214e17ea96caeac7d314b950bf3dfacb7bf4d6,"Bitcoin above 73,200 on April 9, 5PM ET?",2026-04-09 19:42:47.418178+00:00,2026-04-09 21:00:00+00:00,0,2026-04-09 20:50:52+00:00,0.023,72344.4,0.0
0x6c9d220ac07f516cfe77bfd50b5e94c1ffe56aa9232904269f81d8688c03ecf9,"Bitcoin above 70,000 on April 9, 5PM ET?",2026-04-09 19:42:33.227897+00:00,2026-04-09 21:00:00+00:00,1,2026-04-09 20:50:52+00:00,0.9955,72344.4,0.0
0xc6f6fea2b6477882075245a8bc4344c650ae470a2d4630799d0849ef08e3dd73,"Bitcoin above 70,400 on April 9, 4PM ET?",2026-04-09 18:43:16.078856+00:00,2026-04-09 20:00:00+00:00,1,2026-04-09 20:50:52+00:00,0.9995,72344.4,0.0
0x465fd395802b348873b6d638d300e74e8500ba3ecc952b040ad57391036ce93a,"Bitcoin above 70,400 on April 9, 5PM ET?",2026-04-09 19:42:35.237372+00:00,2026-04-09 21:00:00+00:00,1,2026-04-09 20:50:54+00:00,0.9955,72344.4,0.0
0x3685c08e9d937a6805f068d69d4c9237bb0effb8f848a26fa42fdc0c644a4f4d,"Bitcoin above 70,000 on April 9, 4PM ET?",2026-04-09 18:42:35.946355+00:00,2026-04-09 20:00:00+00:00,1,2026-04-09 20:50:55+00:00,0.9995,72344.4,0.0
0x4e4a427f006dec5f669ad0e04d99cdae9ccf635d5a70eb1708320557eea05700,"Bitcoin above 72,800 on April 9, 5PM ET?",2026-04-09 19:42:49.645353+00:00,2026-04-09 21:00:00+00:00,0,2026-04-09 20:50:56+00:00,0.005,72344.4,0.0
0xea542d6cc50e2671208f0c6d35f4b5c94e6bfe5b81e2eb07d72d9fa644f7a6f0,"Bitcoin above 71,600 on April 9, 4PM ET?",2026-04-09 18:42:49.997431+00:00,2026-04-09 20:00:00+00:00,1,2026-04-09 21:00:45+00:00,0.9995,72375.8,0.03159
0x94ecc65ad8fb07130d351f4f309a6c2b165b73888ac02ac4efa6a261f44ceca1,"Bitcoin above 74,000 on April 9, 4PM ET?",2026-04-09 18:42:33.958255+00:00,2026-04-09 20:00:00+00:00,0,2026-04-09 21:00:47+00:00,0.0005,72375.8,0.03159
0xa32801ff08d6562520a5ae4f2f9824f79d4d7ca1e662504365f763763acb983e,"Bitcoin above 72,400 on April 9, 4PM ET?",2026-04-09 18:43:00.019015+00:00,2026-04-09 20:00:00+00:00,0,2026-04-09 21:00:59+00:00,0.0005,72375.8,0.03159
0x3685c08e9d937a6805f068d69d4c9237bb0effb8f848a26fa42fdc0c644a4f4d,"Bitcoin above 70,000 on April 9, 4PM ET?",2026-04-09 18:42:35.946355+00:00,2026-04-09 20:00:00+00:00,1,2026-04-09 21:10:01+00:00,0.9995,72267.6,0.04169082
0x4e4a427f006dec5f669ad0e04d99cdae9ccf635d5a70eb1708320557eea05700,"Bitcoin above 72,800 on April 9, 5PM ET?",2026-04-09 19:42:49.645353+00:00,2026-04-09 21:00:00+00:00,0,2026-04-09 21:10:07+00:00,0.0005,72267.6,0.04169082
0xea542d6cc50e2671208f0c6d35f4b5c94e6bfe5b81e2eb07d72d9fa644f7a6f0,"Bitcoin above 71,600 on April 9, 4PM ET?",2026-04-09 18:42:49.997431+00:00,2026-04-09 20:00:00+00:00,1,2026-04-09 21:10:52+00:00,0.9995,72224.2,0.15277328
0x94ecc65ad8fb07130d351f4f309a6c2b165b73888ac02ac4efa6a261f44ceca1,"Bitcoin above 74,000 on April 9, 4PM ET?",2026-04-09 18:42:33.958255+00:00,2026-04-09 20:00:00+00:00,0,2026-04-09 21:10:53+00:00,0.0005,72224.2,0.15277328
0x94ecc65ad8fb07130d351f4f309a6c2b165b73888ac02ac4efa6a261f44ceca1,"Bitcoin above 74,000 on April 9, 4PM ET?",2026-04-09 18:42:33.958255+00:00,2026-04-09 20:00:00+00:00,0,2026-04-09 21:20:40+00:00,0.0005,72196.4,0.00372539
0xea542d6cc50e2671208f0c6d35f4b5c94e6bfe5b81e2eb07d72d9fa644f7a6f0,"Bitcoin above 71,600 on April 9, 4PM ET?",2026-04-09 18:42:49.997431+00:00,2026-04-09 20:00:00+00:00,1,2026-04-09 21:20:40+00:00,0.9995,72196.4,0.00372539
0xd630fa02e5b583747211f93fd0c0fb8cf82e8630e11a39314fcebf30295a844a,"Bitcoin above 72,800 on April 9, 4PM ET?",2026-04-09 18:42:53.865658+00:00,2026-04-09 20:00:00+00:00,0,2026-04-09 21:20:43+00:00,0.0005,72196.4,0.00372539
0xa32801ff08d6562520a5ae4f2f9824f79d4d7ca1e662504365f763763acb983e,"Bitcoin above 72,400 on April 9, 4PM ET?",2026-04-09 18:43:00.019015+00:00,2026-04-09 20:00:00+00:00,0,2026-04-09 21:20:43+00:00,0.0005,72196.4,0.00372539
0xef4d736c2ba8fb5d7d61fae027494898d0d96bef420b411091e594d67f509a73,"Bitcoin above 73,200 on April 9, 4PM ET?",2026-04-09 18:43:08.810022+00:00,2026-04-09 20:00:00+00:00,0,2026-04-09 21:20:43+00:00,0.0005,72196.4,0.00372539
0x59ea09bcd923c3f9b7d076f6c0f57755ffdc4763ff346441d5e33f0770e96f26,"Bitcoin above 74,000 on April 9, 5PM ET?",2026-04-09 19:42:43.337386+00:00,2026-04-09 21:00:00+00:00,0,2026-04-09 21:20:44+00:00,0.0005,72196.4,0.00372539
0xc075944836d8041aad442fa94d07c2065961475b3d0f2dd5f6373da7723d4e94,"Bitcoin above 70,800 on April 9, 4PM ET?",2026-04-09 18:42:49.744720+00:00,2026-04-09 20:00:00+00:00,1,2026-04-09 21:20:44+00:00,0.9995,72196.4,0.00372539
0xd33d733dd5b4498f63ed2bd7966ecdd6c657222d105cc20e2e5473c6d41c4514,"Bitcoin above 71,200 on April 9, 5PM ET?",2026-04-09 19:42:37.560669+00:00,2026-04-09 21:00:00+00:00,1,2026-04-09 21:20:45+00:00,0.9995,72196.4,0.00372539
0x3c29d614cf2d3520b74943200379635f9134768f5c2914ec647e4f9522b9630e,"Bitcoin above 73,600 on April 9, 5PM ET?",2026-04-09 19:42:45.920628+00:00,2026-04-09 21:00:00+00:00,0,2026-04-09 21:20:45+00:00,0.0005,72196.4,0.00372539
0x22cf22f81b420a1f2316e96afcec9e09b92bc4178e77d28747fe80dfa701d7a1,"Bitcoin above 71,600 on April 9, 5PM ET?",2026-04-09 19:42:43.590293+00:00,2026-04-09 21:00:00+00:00,1,2026-04-09 21:20:46+00:00,0.9995,72196.4,0.00372539
0xee49f9a3888a3508fd593a737032e9f1816e45a9a9916eb0a8005ec0d7a57ded,"Bitcoin above 71,200 on April 9, 4PM ET?",2026-04-09 18:42:38.114256+00:00,2026-04-09 20:00:00+00:00,1,2026-04-09 21:20:53+00:00,0.9995,72196.4,0.00372539
0x038e7b7b418e4b93060330d6f83070c4c71148fc0919520ec1ad2d07271b25d9,"Bitcoin above 72,400 on April 9, 5PM ET?",2026-04-09 19:42:51.588069+00:00,2026-04-09 21:00:00+00:00,1,2026-04-09 21:20:55+00:00,0.9995,72196.4,0.00372539
0x97930f801e4a436afbb0441554ff725494a3a4249a96bc42cc1eab27e2239c29,"Bitcoin above 73,600 on April 9, 4PM ET?",2026-04-09 18:42:46.240174+00:00,2026-04-09 20:00:00+00:00,0,2026-04-09 21:20:56+00:00,0.0005,72196.4,0.00372539
0xacd410775ec2091dc363d53b7fdc3918111130f554b33c8185c0ce57492811cc,"Bitcoin above 70,800 on April 9, 5PM ET?",2026-04-09 19:42:35.492487+00:00,2026-04-09 21:00:00+00:00,1,2026-04-09 21:20:57+00:00,0.9995,72196.4,0.00372539
0x6c9d220ac07f516cfe77bfd50b5e94c1ffe56aa9232904269f81d8688c03ecf9,"Bitcoin above 70,000 on April 9, 5PM ET?",2026-04-09 19:42:33.227897+00:00,2026-04-09 21:00:00+00:00,1,2026-04-09 21:20:58+00:00,0.9995,72196.4,0.00372539
0x63c0a64a2fe8a834eb7d7adcdb214e17ea96caeac7d314b950bf3dfacb7bf4d6,"Bitcoin above 73,200 on April 9, 5PM ET?",2026-04-09 19:42:47.418178+00:00,2026-04-09 21:00:00+00:00,0,2026-04-09 21:20:58+00:00,0.0005,72196.4,0.00372539
0xea542d6cc50e2671208f0c6d35f4b5c94e6bfe5b81e2eb07d72d9fa644f7a6f0,"Bitcoin above 71,600 on April 9, 4PM ET?",2026-04-09 18:42:49.997431+00:00,2026-04-09 20:00:00+00:00,1,2026-04-09 21:30:43+00:00,0.9995,72185.1,0.00168002
0x94ecc65ad8fb07130d351f4f309a6c2b165b73888ac02ac4efa6a261f44ceca1,"Bitcoin above 74,000 on April 9, 4PM ET?",2026-04-09 18:42:33.958255+00:00,2026-04-09 20:00:00+00:00,0,2026-04-09 21:30:45+00:00,0.0005,72185.1,0.00168002
0xd630fa02e5b583747211f93fd0c0fb8cf82e8630e11a39314fcebf30295a844a,"Bitcoin above 72,800 on April 9, 4PM ET?",2026-04-09 18:42:53.865658+00:00,2026-04-09 20:00:00+00:00,0,2026-04-09 21:30:51+00:00,0.0005,72185.1,0.00168002
0xa32801ff08d6562520a5ae4f2f9824f79d4d7ca1e662504365f763763acb983e,"Bitcoin above 72,400 on April 9, 4PM ET?",2026-04-09 18:43:00.019015+00:00,2026-04-09 20:00:00+00:00,0,2026-04-09 21:30:51+00:00,0.0005,72185.1,0.00168002
0xef4d736c2ba8fb5d7d61fae027494898d0d96bef420b411091e594d67f509a73,"Bitcoin above 73,200 on April 9, 4PM ET?",2026-04-09 18:43:08.810022+00:00,2026-04-09 20:00:00+00:00,0,2026-04-09 21:30:52+00:00,0.0005,72185.1,0.00168002
0x59ea09bcd923c3f9b7d076f6c0f57755ffdc4763ff346441d5e33f0770e96f26,"Bitcoin above 74,000 on April 9, 5PM ET?",2026-04-09 19:42:43.337386+00:00,2026-04-09 21:00:00+00:00,0,2026-04-09 21:30:53+00:00,0.0005,72185.1,0.00168002
0xc075944836d8041aad442fa94d07c2065961475b3d0f2dd5f6373da7723d4e94,"Bitcoin above 70,800 on April 9, 4PM ET?",2026-04-09 18:42:49.744720+00:00,2026-04-09 20:00:00+00:00,1,2026-04-09 21:30:54+00:00,0.9995,72185.1,0.00168002
0x3c29d614cf2d3520b74943200379635f9134768f5c2914ec647e4f9522b9630e,"Bitcoin above 73,600 on April 9, 5PM ET?",2026-04-09 19:42:45.920628+00:00,2026-04-09 21:00:00+00:00,0,2026-04-09 21:30:54+00:00,0.0005,72185.1,0.00168002
0xd33d733dd5b4498f63ed2bd7966ecdd6c657222d105cc20e2e5473c6d41c4514,"Bitcoin above 71,200 on April 9, 5PM ET?",2026-04-09 19:42:37.560669+00:00,2026-04-09 21:00:00+00:00,1,2026-04-09 21:30:55+00:00,0.9995,72185.1,0.00168002
0x22cf22f81b420a1f2316e96afcec9e09b92bc4178e77d28747fe80dfa701d7a1,"Bitcoin above 71,600 on April 9, 5PM ET?",2026-04-09 19:42:43.590293+00:00,2026-04-09 21:00:00+00:00,1,2026-04-09 21:30:57+00:00,0.9995,72185.1,0.00168002
0x6c9d220ac07f516cfe77bfd50b5e94c1ffe56aa9232904269f81d8688c03ecf9,"Bitcoin above 70,000 on April 9, 5PM ET?",2026-04-09 19:42:33.227897+00:00,2026-04-09 21:00:00+00:00,1,2026-04-09 21:40:00+00:00,0.9995,72292.3,1.88783008
0xc6f6fea2b6477882075245a8bc4344c650ae470a2d4630799d0849ef08e3dd73,"Bitcoin above 70,400 on April 9, 4PM ET?",2026-04-09 18:43:16.078856+00:00,2026-04-09 20:00:00+00:00,1,2026-04-09 21:40:00+00:00,0.9995,72292.3,1.88783008
0x63c0a64a2fe8a834eb7d7adcdb214e17ea96caeac7d314b950bf3dfacb7bf4d6,"Bitcoin above 73,200 on April 9, 5PM ET?",2026-04-09 19:42:47.418178+00:00,2026-04-09 21:00:00+00:00,0,2026-04-09 21:40:00+00:00,0.0005,72292.3,1.88783008
0x465fd395802b348873b6d638d300e74e8500ba3ecc952b040ad57391036ce93a,"Bitcoin above 70,400 on April 9, 5PM ET?",2026-04-09 19:42:35.237372+00:00,2026-04-09 21:00:00+00:00,1,2026-04-09 21:40:04+00:00,0.9995,72292.3,1.88783008
0x3685c08e9d937a6805f068d69d4c9237bb0effb8f848a26fa42fdc0c644a4f4d,"Bitcoin above 70,000 on April 9, 4PM ET?",2026-04-09 18:42:35.946355+00:00,2026-04-09 20:00:00+00:00,1,2026-04-09 21:40:06+00:00,0.9995,72292.3,1.88783008
0x4e4a427f006dec5f669ad0e04d99cdae9ccf635d5a70eb1708320557eea05700,"Bitcoin above 72,800 on April 9, 5PM ET?",2026-04-09 19:42:49.645353+00:00,2026-04-09 21:00:00+00:00,0,2026-04-09 21:40:12+00:00,0.0005,72292.3,1.88783008
0xea542d6cc50e2671208f0c6d35f4b5c94e6bfe5b81e2eb07d72d9fa644f7a6f0,"Bitcoin above 71,600 on April 9, 4PM ET?",2026-04-09 18:42:49.997431+00:00,2026-04-09 20:00:00+00:00,1,2026-04-09 21:40:57+00:00,0.9995,72358.2,0.08493855
0x94ecc65ad8fb07130d351f4f309a6c2b165b73888ac02ac4efa6a261f44ceca1,"Bitcoin above 74,000 on April 9, 4PM ET?",2026-04-09 18:42:33.958255+00:00,2026-04-09 20:00:00+00:00,0,2026-04-09 21:40:59+00:00,0.0005,72358.2,0.08493855
0x94ecc65ad8fb07130d351f4f309a6c2b165b73888ac02ac4efa6a261f44ceca1,"Bitcoin above 74,000 on April 9, 4PM ET?",2026-04-09 18:42:33.958255+00:00,2026-04-09 20:00:00+00:00,0,2026-04-09 21:50:42+00:00,0.0005,72326.2,0.00214646
0xea542d6cc50e2671208f0c6d35f4b5c94e6bfe5b81e2eb07d72d9fa644f7a6f0,"Bitcoin above 71,600 on April 9, 4PM ET?",2026-04-09 18:42:49.997431+00:00,2026-04-09 20:00:00+00:00,1,2026-04-09 21:50:42+00:00,0.9995,72326.2,0.00214646
0xa32801ff08d6562520a5ae4f2f9824f79d4d7ca1e662504365f763763acb983e,"Bitcoin above 72,400 on April 9, 4PM ET?",2026-04-09 18:43:00.019015+00:00,2026-04-09 20:00:00+00:00,0,2026-04-09 21:50:44+00:00,0.0005,72326.2,0.00214646
0x59ea09bcd923c3f9b7d076f6c0f57755ffdc4763ff346441d5e33f0770e96f26,"Bitcoin above 74,000 on April 9, 5PM ET?",2026-04-09 19:42:43.337386+00:00,2026-04-09 21:00:00+00:00,0,2026-04-09 21:50:45+00:00,0.0005,72326.2,0.00214646
0xef4d736c2ba8fb5d7d61fae027494898d0d96bef420b411091e594d67f509a73,"Bitcoin above 73,200 on April 9, 4PM ET?",2026-04-09 18:43:08.810022+00:00,2026-04-09 20:00:00+00:00,0,2026-04-09 21:50:45+00:00,0.0005,72326.2,0.00214646
0xd630fa02e5b583747211f93fd0c0fb8cf82e8630e11a39314fcebf30295a844a,"Bitcoin above 72,800 on April 9, 4PM ET?",2026-04-09 18:42:53.865658+00:00,2026-04-09 20:00:00+00:00,0,2026-04-09 21:50:45+00:00,0.0005,72326.2,0.00214646
0x3c29d614cf2d3520b74943200379635f9134768f5c2914ec647e4f9522b9630e,"Bitcoin above 73,600 on April 9, 5PM ET?",2026-04-09 19:42:45.920628+00:00,2026-04-09 21:00:00+00:00,0,2026-04-09 21:50:46+00:00,0.0005,72326.2,0.00214646
0xc075944836d8041aad442fa94d07c2065961475b3d0f2dd5f6373da7723d4e94,"Bitcoin above 70,800 on April 9, 4PM ET?",2026-04-09 18:42:49.744720+00:00,2026-04-09 20:00:00+00:00,1,2026-04-09 21:50:46+00:00,0.9995,72326.2,0.00214646
0xd33d733dd5b4498f63ed2bd7966ecdd6c657222d105cc20e2e5473c6d41c4514,"Bitcoin above 71,200 on April 9, 5PM ET?",2026-04-09 19:42:37.560669+00:00,2026-04-09 21:00:00+00:00,1,2026-04-09 21:50:47+00:00,0.9995,72326.2,0.00214646
0x22cf22f81b420a1f2316e96afcec9e09b92bc4178e77d28747fe80dfa701d7a1,"Bitcoin above 71,600 on April 9, 5PM ET?",2026-04-09 19:42:43.590293+00:00,2026-04-09 21:00:00+00:00,1,2026-04-09 21:50:48+00:00,0.9995,72326.2,0.00214646
0xee49f9a3888a3508fd593a737032e9f1816e45a9a9916eb0a8005ec0d7a57ded,"Bitcoin above 71,200 on April 9, 4PM ET?",2026-04-09 18:42:38.114256+00:00,2026-04-09 20:00:00+00:00,1,2026-04-09 21:50:55+00:00,0.9995,72326.2,0.00214646
0x038e7b7b418e4b93060330d6f83070c4c71148fc0919520ec1ad2d07271b25d9,"Bitcoin above 72,400 on April 9, 5PM ET?",2026-04-09 19:42:51.588069+00:00,2026-04-09 21:00:00+00:00,1,2026-04-09 21:50:58+00:00,0.9995,72326.2,0.00214646
0x97930f801e4a436afbb0441554ff725494a3a4249a96bc42cc1eab27e2239c29,"Bitcoin above 73,600 on April 9, 4PM ET?",2026-04-09 18:42:46.240174+00:00,2026-04-09 20:00:00+00:00,0,2026-04-09 21:50:58+00:00,0.0005,72326.2,0.00214646
0xacd410775ec2091dc363d53b7fdc3918111130f554b33c8185c0ce57492811cc,"Bitcoin above 70,800 on April 9, 5PM ET?",2026-04-09 19:42:35.492487+00:00,2026-04-09 21:00:00+00:00,1,2026-04-09 21:50:59+00:00,0.9995,72326.2,0.00214646
0xea542d6cc50e2671208f0c6d35f4b5c94e6bfe5b81e2eb07d72d9fa644f7a6f0,"Bitcoin above 71,600 on April 9, 4PM ET?",2026-04-09 18:42:49.997431+00:00,2026-04-09 20:00:00+00:00,1,2026-04-09 22:00:43+00:00,0.9995,72318.2,0.11967334
0x94ecc65ad8fb07130d351f4f309a6c2b165b73888ac02ac4efa6a261f44ceca1,"Bitcoin above 74,000 on April 9, 4PM ET?",2026-04-09 18:42:33.958255+00:00,2026-04-09 20:00:00+00:00,0,2026-04-09 22:00:44+00:00,0.0005,72318.2,0.11967334
0xd630fa02e5b583747211f93fd0c0fb8cf82e8630e11a39314fcebf30295a844a,"Bitcoin above 72,800 on April 9, 4PM ET?",2026-04-09 18:42:53.865658+00:00,2026-04-09 20:00:00+00:00,0,2026-04-09 22:00:51+00:00,0.0005,72318.2,0.11967334
0xa32801ff08d6562520a5ae4f2f9824f79d4d7ca1e662504365f763763acb983e,"Bitcoin above 72,400 on April 9, 4PM ET?",2026-04-09 18:43:00.019015+00:00,2026-04-09 20:00:00+00:00,0,2026-04-09 22:00:51+00:00,0.0005,72318.2,0.11967334
0xef4d736c2ba8fb5d7d61fae027494898d0d96bef420b411091e594d67f509a73,"Bitcoin above 73,200 on April 9, 4PM ET?",2026-04-09 18:43:08.810022+00:00,2026-04-09 20:00:00+00:00,0,2026-04-09 22:00:52+00:00,0.0005,72318.2,0.11967334
0x59ea09bcd923c3f9b7d076f6c0f57755ffdc4763ff346441d5e33f0770e96f26,"Bitcoin above 74,000 on April 9, 5PM ET?",2026-04-09 19:42:43.337386+00:00,2026-04-09 21:00:00+00:00,0,2026-04-09 22:00:53+00:00,0.0005,72318.2,0.11967334
0x3c29d614cf2d3520b74943200379635f9134768f5c2914ec647e4f9522b9630e,"Bitcoin above 73,600 on April 9, 5PM ET?",2026-04-09 19:42:45.920628+00:00,2026-04-09 21:00:00+00:00,0,2026-04-09 22:00:54+00:00,0.0005,72318.2,0.11967334
0xc075944836d8041aad442fa94d07c2065961475b3d0f2dd5f6373da7723d4e94,"Bitcoin above 70,800 on April 9, 4PM ET?",2026-04-09 18:42:49.744720+00:00,2026-04-09 20:00:00+00:00,1,2026-04-09 22:00:54+00:00,0.9995,72318.2,0.11967334
0xd33d733dd5b4498f63ed2bd7966ecdd6c657222d105cc20e2e5473c6d41c4514,"Bitcoin above 71,200 on April 9, 5PM ET?",2026-04-09 19:42:37.560669+00:00,2026-04-09 21:00:00+00:00,1,2026-04-09 22:00:55+00:00,0.9995,72318.2,0.11967334
0x22cf22f81b420a1f2316e96afcec9e09b92bc4178e77d28747fe80dfa701d7a1,"Bitcoin above 71,600 on April 9, 5PM ET?",2026-04-09 19:42:43.590293+00:00,2026-04-09 21:00:00+00:00,1,2026-04-09 22:00:57+00:00,0.9995,72318.2,0.11967334
0xd630fa02e5b583747211f93fd0c0fb8cf82e8630e11a39314fcebf30295a844a,"Bitcoin above 72,800 on April 9, 4PM ET?",2026-04-09 18:42:53.865658+00:00,2026-04-09 20:00:00+00:00,0,2026-04-09 22:10:54+00:00,0.0005,72348.8,0.0
0xa32801ff08d6562520a5ae4f2f9824f79d4d7ca1e662504365f763763acb983e,"Bitcoin above 72,400 on April 9, 4PM ET?",2026-04-09 18:43:00.019015+00:00,2026-04-09 20:00:00+00:00,0,2026-04-09 22:10:54+00:00,0.0005,72348.8,0.0
0xef4d736c2ba8fb5d7d61fae027494898d0d96bef420b411091e594d67f509a73,"Bitcoin above 73,200 on April 9, 4PM ET?",2026-04-09 18:43:08.810022+00:00,2026-04-09 20:00:00+00:00,0,2026-04-09 22:10:54+00:00,0.0005,72348.8,0.0
0x59ea09bcd923c3f9b7d076f6c0f57755ffdc4763ff346441d5e33f0770e96f26,"Bitcoin above 74,000 on April 9, 5PM ET?",2026-04-09 19:42:43.337386+00:00,2026-04-09 21:00:00+00:00,0,2026-04-09 22:10:55+00:00,0.0005,72348.8,0.0
0x3c29d614cf2d3520b74943200379635f9134768f5c2914ec647e4f9522b9630e,"Bitcoin above 73,600 on April 9, 5PM ET?",2026-04-09 19:42:45.920628+00:00,2026-04-09 21:00:00+00:00,0,2026-04-09 22:10:56+00:00,0.0005,72348.8,0.0
0xd33d733dd5b4498f63ed2bd7966ecdd6c657222d105cc20e2e5473c6d41c4514,"Bitcoin above 71,200 on April 9, 5PM ET?",2026-04-09 19:42:37.560669+00:00,2026-04-09 21:00:00+00:00,1,2026-04-09 22:10:57+00:00,0.9995,72348.8,0.0
0x22cf22f81b420a1f2316e96afcec9e09b92bc4178e77d28747fe80dfa701d7a1,"Bitcoin above 71,600 on April 9, 5PM ET?",2026-04-09 19:42:43.590293+00:00,2026-04-09 21:00:00+00:00,1,2026-04-09 22:10:58+00:00,0.9995,72348.8,0.0
0xa32801ff08d6562520a5ae4f2f9824f79d4d7ca1e662504365f763763acb983e,"Bitcoin above 72,400 on April 9, 4PM ET?",2026-04-09 18:43:00.019015+00:00,2026-04-09 20:00:00+00:00,0,2026-04-09 22:20:44+00:00,0.0005,72775.1,0.00475544
0xd630fa02e5b583747211f93fd0c0fb8cf82e8630e11a39314fcebf30295a844a,"Bitcoin above 72,800 on April 9, 4PM ET?",2026-04-09 18:42:53.865658+00:00,2026-04-09 20:00:00+00:00,0,2026-04-09 22:20:45+00:00,0.0005,72775.1,0.00475544
0xef4d736c2ba8fb5d7d61fae027494898d0d96bef420b411091e594d67f509a73,"Bitcoin above 73,200 on April 9, 4PM ET?",2026-04-09 18:43:08.810022+00:00,2026-04-09 20:00:00+00:00,0,2026-04-09 22:20:45+00:00,0.0005,72775.1,0.00475544
0x59ea09bcd923c3f9b7d076f6c0f57755ffdc4763ff346441d5e33f0770e96f26,"Bitcoin above 74,000 on April 9, 5PM ET?",2026-04-09 19:42:43.337386+00:00,2026-04-09 21:00:00+00:00,0,2026-04-09 22:20:46+00:00,0.0005,72775.1,0.00475544
0x3c29d614cf2d3520b74943200379635f9134768f5c2914ec647e4f9522b9630e,"Bitcoin above 73,600 on April 9, 5PM ET?",2026-04-09 19:42:45.920628+00:00,2026-04-09 21:00:00+00:00,0,2026-04-09 22:20:47+00:00,0.0005,72775.1,0.00475544
0xd33d733dd5b4498f63ed2bd7966ecdd6c657222d105cc20e2e5473c6d41c4514,"Bitcoin above 71,200 on April 9, 5PM ET?",2026-04-09 19:42:37.560669+00:00,2026-04-09 21:00:00+00:00,1,2026-04-09 22:20:48+00:00,0.9995,72775.1,0.00475544
0x22cf22f81b420a1f2316e96afcec9e09b92bc4178e77d28747fe80dfa701d7a1,"Bitcoin above 71,600 on April 9, 5PM ET?",2026-04-09 19:42:43.590293+00:00,2026-04-09 21:00:00+00:00,1,2026-04-09 22:20:50+00:00,0.9995,72775.1,0.00475544
0xee49f9a3888a3508fd593a737032e9f1816e45a9a9916eb0a8005ec0d7a57ded,"Bitcoin above 71,200 on April 9, 4PM ET?",2026-04-09 18:42:38.114256+00:00,2026-04-09 20:00:00+00:00,1,2026-04-09 22:20:58+00:00,0.9995,72775.1,0.00475544
0xa32801ff08d6562520a5ae4f2f9824f79d4d7ca1e662504365f763763acb983e,"Bitcoin above 72,400 on April 9, 4PM ET?",2026-04-09 18:43:00.019015+00:00,2026-04-09 20:00:00+00:00,0,2026-04-09 22:30:52+00:00,0.0005,72470.3,0.00529473
0xd630fa02e5b583747211f93fd0c0fb8cf82e8630e11a39314fcebf30295a844a,"Bitcoin above 72,800 on April 9, 4PM ET?",2026-04-09 18:42:53.865658+00:00,2026-04-09 20:00:00+00:00,0,2026-04-09 22:30:53+00:00,0.0005,72470.3,0.00529473
0xef4d736c2ba8fb5d7d61fae027494898d0d96bef420b411091e594d67f509a73,"Bitcoin above 73,200 on April 9, 4PM ET?",2026-04-09 18:43:08.810022+00:00,2026-04-09 20:00:00+00:00,0,2026-04-09 22:30:54+00:00,0.0005,72470.3,0.00529473
0x59ea09bcd923c3f9b7d076f6c0f57755ffdc4763ff346441d5e33f0770e96f26,"Bitcoin above 74,000 on April 9, 5PM ET?",2026-04-09 19:42:43.337386+00:00,2026-04-09 21:00:00+00:00,0,2026-04-09 22:30:55+00:00,0.0005,72470.3,0.00529473
0x3c29d614cf2d3520b74943200379635f9134768f5c2914ec647e4f9522b9630e,"Bitcoin above 73,600 on April 9, 5PM ET?",2026-04-09 19:42:45.920628+00:00,2026-04-09 21:00:00+00:00,0,2026-04-09 22:30:57+00:00,0.0005,72470.3,0.00529473
0xd33d733dd5b4498f63ed2bd7966ecdd6c657222d105cc20e2e5473c6d41c4514,"Bitcoin above 71,200 on April 9, 5PM ET?",2026-04-09 19:42:37.560669+00:00,2026-04-09 21:00:00+00:00,1,2026-04-09 22:30:58+00:00,0.9995,72470.3,0.00529473
0xa32801ff08d6562520a5ae4f2f9824f79d4d7ca1e662504365f763763acb983e,"Bitcoin above 72,400 on April 9, 4PM ET?",2026-04-09 18:43:00.019015+00:00,2026-04-09 20:00:00+00:00,0,2026-04-09 22:40:52+00:00,0.0005,72386.6,0.0
0xd630fa02e5b583747211f93fd0c0fb8cf82e8630e11a39314fcebf30295a844a,"Bitcoin above 72,800 on April 9, 4PM ET?",2026-04-09 18:42:53.865658+00:00,2026-04-09 20:00:00+00:00,0,2026-04-09 22:40:53+00:00,0.0005,72386.6,0.0
0xef4d736c2ba8fb5d7d61fae027494898d0d96bef420b411091e594d67f509a73,"Bitcoin above 73,200 on April 9, 4PM ET?",2026-04-09 18:43:08.810022+00:00,2026-04-09 20:00:00+00:00,0,2026-04-09 22:40:53+00:00,0.0005,72386.6,0.0
0x59ea09bcd923c3f9b7d076f6c0f57755ffdc4763ff346441d5e33f0770e96f26,"Bitcoin above 74,000 on April 9, 5PM ET?",2026-04-09 19:42:43.337386+00:00,2026-04-09 21:00:00+00:00,0,2026-04-09 22:40:55+00:00,0.0005,72386.6,0.0
0x3c29d614cf2d3520b74943200379635f9134768f5c2914ec647e4f9522b9630e,"Bitcoin above 73,600 on April 9, 5PM ET?",2026-04-09 19:42:45.920628+00:00,2026-04-09 21:00:00+00:00,0,2026-04-09 22:40:56+00:00,0.0005,72386.6,0.0
0xd33d733dd5b4498f63ed2bd7966ecdd6c657222d105cc20e2e5473c6d41c4514,"Bitcoin above 71,200 on April 9, 5PM ET?",2026-04-09 19:42:37.560669+00:00,2026-04-09 21:00:00+00:00,1,2026-04-09 22:40:57+00:00,0.9995,72386.6,0.0
0x22cf22f81b420a1f2316e96afcec9e09b92bc4178e77d28747fe80dfa701d7a1,"Bitcoin above 71,600 on April 9, 5PM ET?",2026-04-09 19:42:43.590293+00:00,2026-04-09 21:00:00+00:00,1,2026-04-09 22:40:58+00:00,0.9995,72386.6,0.0
0xa32801ff08d6562520a5ae4f2f9824f79d4d7ca1e662504365f763763acb983e,"Bitcoin above 72,400 on April 9, 4PM ET?",2026-04-09 18:43:00.019015+00:00,2026-04-09 20:00:00+00:00,0,2026-04-09 22:50:44+00:00,0.0005,72359.5,0.00207298
0xd630fa02e5b583747211f93fd0c0fb8cf82e8630e11a39314fcebf30295a844a,"Bitcoin above 72,800 on April 9, 4PM ET?",2026-04-09 18:42:53.865658+00:00,2026-04-09 20:00:00+00:00,0,2026-04-09 22:50:44+00:00,0.0005,72359.5,0.00207298
0xef4d736c2ba8fb5d7d61fae027494898d0d96bef420b411091e594d67f509a73,"Bitcoin above 73,200 on April 9, 4PM ET?",2026-04-09 18:43:08.810022+00:00,2026-04-09 20:00:00+00:00,0,2026-04-09 22:50:44+00:00,0.0005,72359.5,0.00207298
0x59ea09bcd923c3f9b7d076f6c0f57755ffdc4763ff346441d5e33f0770e96f26,"Bitcoin above 74,000 on April 9, 5PM ET?",2026-04-09 19:42:43.337386+00:00,2026-04-09 21:00:00+00:00,0,2026-04-09 22:50:45+00:00,0.0005,72359.5,0.00207298
0x3c29d614cf2d3520b74943200379635f9134768f5c2914ec647e4f9522b9630e,"Bitcoin above 73,600 on April 9, 5PM ET?",2026-04-09 19:42:45.920628+00:00,2026-04-09 21:00:00+00:00,0,2026-04-09 22:50:46+00:00,0.0005,72359.5,0.00207298
0xd33d733dd5b4498f63ed2bd7966ecdd6c657222d105cc20e2e5473c6d41c4514,"Bitcoin above 71,200 on April 9, 5PM ET?",2026-04-09 19:42:37.560669+00:00,2026-04-09 21:00:00+00:00,1,2026-04-09 22:50:46+00:00,0.9995,72359.5,0.00207298
0x22cf22f81b420a1f2316e96afcec9e09b92bc4178e77d28747fe80dfa701d7a1,"Bitcoin above 71,600 on April 9, 5PM ET?",2026-04-09 19:42:43.590293+00:00,2026-04-09 21:00:00+00:00,1,2026-04-09 22:50:47+00:00,0.9995,72359.5,0.00207298
0xee49f9a3888a3508fd593a737032e9f1816e45a9a9916eb0a8005ec0d7a57ded,"Bitcoin above 71,200 on April 9, 4PM ET?",2026-04-09 18:42:38.114256+00:00,2026-04-09 20:00:00+00:00,1,2026-04-09 22:50:49+00:00,0.9995,72359.5,0.00207298
0x038e7b7b418e4b93060330d6f83070c4c71148fc0919520ec1ad2d07271b25d9,"Bitcoin above 72,400 on April 9, 5PM ET?",2026-04-09 19:42:51.588069+00:00,2026-04-09 21:00:00+00:00,1,2026-04-09 22:50:50+00:00,0.9995,72359.5,0.00207298
0x97930f801e4a436afbb0441554ff725494a3a4249a96bc42cc1eab27e2239c29,"Bitcoin above 73,600 on April 9, 4PM ET?",2026-04-09 18:42:46.240174+00:00,2026-04-09 20:00:00+00:00,0,2026-04-09 22:50:50+00:00,0.0005,72359.5,0.00207298
0xacd410775ec2091dc363d53b7fdc3918111130f554b33c8185c0ce57492811cc,"Bitcoin above 70,800 on April 9, 5PM ET?",2026-04-09 19:42:35.492487+00:00,2026-04-09 21:00:00+00:00,1,2026-04-09 22:50:51+00:00,0.9995,72359.5,0.00207298
0x6c9d220ac07f516cfe77bfd50b5e94c1ffe56aa9232904269f81d8688c03ecf9,"Bitcoin above 70,000 on April 9, 5PM ET?",2026-04-09 19:42:33.227897+00:00,2026-04-09 21:00:00+00:00,1,2026-04-09 22:50:51+00:00,0.9995,72359.5,0.00207298
0x63c0a64a2fe8a834eb7d7adcdb214e17ea96caeac7d314b950bf3dfacb7bf4d6,"Bitcoin above 73,200 on April 9, 5PM ET?",2026-04-09 19:42:47.418178+00:00,2026-04-09 21:00:00+00:00,0,2026-04-09 22:50:51+00:00,0.0005,72359.5,0.00207298
0xc6f6fea2b6477882075245a8bc4344c650ae470a2d4630799d0849ef08e3dd73,"Bitcoin above 70,400 on April 9, 4PM ET?",2026-04-09 18:43:16.078856+00:00,2026-04-09 20:00:00+00:00,1,2026-04-09 22:50:52+00:00,0.9995,72359.5,0.00207298
0x465fd395802b348873b6d638d300e74e8500ba3ecc952b040ad57391036ce93a,"Bitcoin above 70,400 on April 9, 5PM ET?",2026-04-09 19:42:35.237372+00:00,2026-04-09 21:00:00+00:00,1,2026-04-09 22:50:57+00:00,0.9995,72359.5,0.00207298
0x3685c08e9d937a6805f068d69d4c9237bb0effb8f848a26fa42fdc0c644a4f4d,"Bitcoin above 70,000 on April 9, 4PM ET?",2026-04-09 18:42:35.946355+00:00,2026-04-09 20:00:00+00:00,1,2026-04-09 22:50:58+00:00,0.9995,72359.5,0.00207298
0xa32801ff08d6562520a5ae4f2f9824f79d4d7ca1e662504365f763763acb983e,"Bitcoin above 72,400 on April 9, 4PM ET?",2026-04-09 18:43:00.019015+00:00,2026-04-09 20:00:00+00:00,0,2026-04-09 23:00:50+00:00,0.0005,71944.7,0.03277613
0xd630fa02e5b583747211f93fd0c0fb8cf82e8630e11a39314fcebf30295a844a,"Bitcoin above 72,800 on April 9, 4PM ET?",2026-04-09 18:42:53.865658+00:00,2026-04-09 20:00:00+00:00,0,2026-04-09 23:00:51+00:00,0.0005,71944.7,0.03277613
0xef4d736c2ba8fb5d7d61fae027494898d0d96bef420b411091e594d67f509a73,"Bitcoin above 73,200 on April 9, 4PM ET?",2026-04-09 18:43:08.810022+00:00,2026-04-09 20:00:00+00:00,0,2026-04-09 23:00:51+00:00,0.0005,71944.7,0.03277613
0x59ea09bcd923c3f9b7d076f6c0f57755ffdc4763ff346441d5e33f0770e96f26,"Bitcoin above 74,000 on April 9, 5PM ET?",2026-04-09 19:42:43.337386+00:00,2026-04-09 21:00:00+00:00,0,2026-04-09 23:00:53+00:00,0.0005,71944.7,0.03277613
0x3c29d614cf2d3520b74943200379635f9134768f5c2914ec647e4f9522b9630e,"Bitcoin above 73,600 on April 9, 5PM ET?",2026-04-09 19:42:45.920628+00:00,2026-04-09 21:00:00+00:00,0,2026-04-09 23:00:54+00:00,0.0005,71944.7,0.03277613
0xd33d733dd5b4498f63ed2bd7966ecdd6c657222d105cc20e2e5473c6d41c4514,"Bitcoin above 71,200 on April 9, 5PM ET?",2026-04-09 19:42:37.560669+00:00,2026-04-09 21:00:00+00:00,1,2026-04-09 23:00:55+00:00,0.9995,71944.7,0.03277613
0x22cf22f81b420a1f2316e96afcec9e09b92bc4178e77d28747fe80dfa701d7a1,"Bitcoin above 71,600 on April 9, 5PM ET?",2026-04-09 19:42:43.590293+00:00,2026-04-09 21:00:00+00:00,1,2026-04-09 23:00:56+00:00,0.9995,71944.7,0.03277613
0xa32801ff08d6562520a5ae4f2f9824f79d4d7ca1e662504365f763763acb983e,"Bitcoin above 72,400 on April 9, 4PM ET?",2026-04-09 18:43:00.019015+00:00,2026-04-09 20:00:00+00:00,0,2026-04-09 23:10:42+00:00,0.0005,71967.2,0.0
0xd630fa02e5b583747211f93fd0c0fb8cf82e8630e11a39314fcebf30295a844a,"Bitcoin above 72,800 on April 9, 4PM ET?",2026-04-09 18:42:53.865658+00:00,2026-04-09 20:00:00+00:00,0,2026-04-09 23:10:42+00:00,0.0005,71967.2,0.0
0xef4d736c2ba8fb5d7d61fae027494898d0d96bef420b411091e594d67f509a73,"Bitcoin above 73,200 on April 9, 4PM ET?",2026-04-09 18:43:08.810022+00:00,2026-04-09 20:00:00+00:00,0,2026-04-09 23:10:43+00:00,0.0005,71967.2,0.0
0xee49f9a3888a3508fd593a737032e9f1816e45a9a9916eb0a8005ec0d7a57ded,"Bitcoin above 71,200 on April 9, 4PM ET?",2026-04-09 18:42:38.114256+00:00,2026-04-09 20:00:00+00:00,1,2026-04-09 23:10:50+00:00,0.9995,71967.2,0.0
0x97930f801e4a436afbb0441554ff725494a3a4249a96bc42cc1eab27e2239c29,"Bitcoin above 73,600 on April 9, 4PM ET?",2026-04-09 18:42:46.240174+00:00,2026-04-09 20:00:00+00:00,0,2026-04-09 23:10:52+00:00,0.0005,71967.2,0.0
0xc6f6fea2b6477882075245a8bc4344c650ae470a2d4630799d0849ef08e3dd73,"Bitcoin above 70,400 on April 9, 4PM ET?",2026-04-09 18:43:16.078856+00:00,2026-04-09 20:00:00+00:00,1,2026-04-09 23:10:54+00:00,0.9995,71967.2,0.0
0x3685c08e9d937a6805f068d69d4c9237bb0effb8f848a26fa42fdc0c644a4f4d,"Bitcoin above 70,000 on April 9, 4PM ET?",2026-04-09 18:42:35.946355+00:00,2026-04-09 20:00:00+00:00,1,2026-04-09 23:10:56+00:00,0.9995,71967.2,0.0
0xd630fa02e5b583747211f93fd0c0fb8cf82e8630e11a39314fcebf30295a844a,"Bitcoin above 72,800 on April 9, 4PM ET?",2026-04-09 18:42:53.865658+00:00,2026-04-09 20:00:00+00:00,0,2026-04-09 23:20:44+00:00,0.0005,71864.9,0.0
0xef4d736c2ba8fb5d7d61fae027494898d0d96bef420b411091e594d67f509a73,"Bitcoin above 73,200 on April 9, 4PM ET?",2026-04-09 18:43:08.810022+00:00,2026-04-09 20:00:00+00:00,0,2026-04-09 23:20:44+00:00,0.0005,71864.9,0.0
0xa32801ff08d6562520a5ae4f2f9824f79d4d7ca1e662504365f763763acb983e,"Bitcoin above 72,400 on April 9, 4PM ET?",2026-04-09 18:43:00.019015+00:00,2026-04-09 20:00:00+00:00,0,2026-04-09 23:20:44+00:00,0.0005,71864.9,0.0
0xee49f9a3888a3508fd593a737032e9f1816e45a9a9916eb0a8005ec0d7a57ded,"Bitcoin above 71,200 on April 9, 4PM ET?",2026-04-09 18:42:38.114256+00:00,2026-04-09 20:00:00+00:00,1,2026-04-09 23:20:49+00:00,0.9995,71864.9,0.0
0x97930f801e4a436afbb0441554ff725494a3a4249a96bc42cc1eab27e2239c29,"Bitcoin above 73,600 on April 9, 4PM ET?",2026-04-09 18:42:46.240174+00:00,2026-04-09 20:00:00+00:00,0,2026-04-09 23:20:51+00:00,0.0005,71864.9,0.0
0xc6f6fea2b6477882075245a8bc4344c650ae470a2d4630799d0849ef08e3dd73,"Bitcoin above 70,400 on April 9, 4PM ET?",2026-04-09 18:43:16.078856+00:00,2026-04-09 20:00:00+00:00,1,2026-04-09 23:20:54+00:00,0.9995,71864.9,0.0
0xa32801ff08d6562520a5ae4f2f9824f79d4d7ca1e662504365f763763acb983e,"Bitcoin above 72,400 on April 9, 4PM ET?",2026-04-09 18:43:00.019015+00:00,2026-04-09 20:00:00+00:00,0,2026-04-09 23:40:42+00:00,0.0005,71824.8,0.0078921
0xd630fa02e5b583747211f93fd0c0fb8cf82e8630e11a39314fcebf30295a844a,"Bitcoin above 72,800 on April 9, 4PM ET?",2026-04-09 18:42:53.865658+00:00,2026-04-09 20:00:00+00:00,0,2026-04-09 23:40:43+00:00,0.0005,71824.8,0.0078921
0xef4d736c2ba8fb5d7d61fae027494898d0d96bef420b411091e594d67f509a73,"Bitcoin above 73,200 on April 9, 4PM ET?",2026-04-09 18:43:08.810022+00:00,2026-04-09 20:00:00+00:00,0,2026-04-09 23:40:43+00:00,0.0005,71824.8,0.0078921
0xee49f9a3888a3508fd593a737032e9f1816e45a9a9916eb0a8005ec0d7a57ded,"Bitcoin above 71,200 on April 9, 4PM ET?",2026-04-09 18:42:38.114256+00:00,2026-04-09 20:00:00+00:00,1,2026-04-09 23:40:51+00:00,0.9995,71824.8,0.0078921
0x97930f801e4a436afbb0441554ff725494a3a4249a96bc42cc1eab27e2239c29,"Bitcoin above 73,600 on April 9, 4PM ET?",2026-04-09 18:42:46.240174+00:00,2026-04-09 20:00:00+00:00,0,2026-04-09 23:40:54+00:00,0.0005,71824.8,0.0078921
0xc6f6fea2b6477882075245a8bc4344c650ae470a2d4630799d0849ef08e3dd73,"Bitcoin above 70,400 on April 9, 4PM ET?",2026-04-09 18:43:16.078856+00:00,2026-04-09 20:00:00+00:00,1,2026-04-09 23:40:58+00:00,0.9995,71824.8,0.0078921
